x1,y1,x2,y2,x3,y3,x4,y4,x5,y5,x6,y6,x7,y7,x8,y8,x9,y9,x10,y10,x11,y11,x12,y12,x13,y13,x14,y14,x15,y15,x16,y16,x17,y17,x18,y18,x19,y19,x20,y20,x21,y21,x22,y22,x23,y23,x24,y24,x25,y25,x26,y26,x27,y27,x28,y28,x29,y29,x30,y30,x31,y31,x32,y32,x33,y33,x34,y34,x35,y35,x36,y36,x37,y37,x38,y38,x39,y39,x40,y40,x41,y41,x42,y42
348.8961410522461,411.4866828918457,395.08522033691406,411.8385887145996,430.0547790527344,420.51215171813965,453.0363082885742,432.8506565093994,463.83995056152344,447.4170970916748,420.54107666015625,407.5513744354248,433.8544464111328,413.84021759033203,433.21441650390625,430.7229995727539,427.7102279663086,446.75145149230957,385.14678955078125,411.73693656921387,384.1719055175781,419.54200744628906,377.7278137207031,434.94126319885254,370.14842987060547,448.3739948272705,346.3607406616211,420.0362777709961,335.87657928466797,433.5238265991211,322.37518310546875,444.3796920776367,312.52185821533203,454.7430610656738,309.11340713500977,431.9325256347656,297.01610565185547,447.9839515686035,290.4640579223633,454.94112968444824,286.87660217285156,461.39293670654297
436.32972717285156,517.3940277099609,454.3998336791992,468.38327407836914,449.35142517089844,410.9164810180664,426.0391616821289,373.5282325744629,393.6042022705078,353.6853218078613,420.8399200439453,390.6983470916748,390.7495880126953,343.540678024292,366.65576934814453,327.0493984222412,344.1306686401367,320.7179260253906,396.82525634765625,407.2656440734863,361.1125183105469,357.26866722106934,327.9295349121094,339.202880859375,295.6497573852539,331.77231788635254,375.8397674560547,435.80881118774414,336.9594192504883,387.94206619262695,300.87541580200195,367.3890495300293,267.83533096313477,354.5263481140137,357.0199203491211,472.1468925476074,320.21419525146484,445.3268623352051,292.46850967407227,428.4169578552246,268.7751579284668,414.68942642211914
428.1936264038086,508.2399559020996,376.5526580810547,494.82112884521484,331.1225128173828,459.9437999725342,296.27050399780273,428.5188674926758,265.48744201660156,397.98691749572754,355.02002716064453,406.82973861694336,309.18582916259766,364.51847076416016,275.46173095703125,342.0725154876709,244.79211807250977,326.4815139770508,385.23773193359375,395.3397846221924,349.39090728759766,338.4041404724121,313.3573532104492,311.0016632080078,276.4977264404297,295.5535697937012,416.5610122680664,400.37418365478516,392.5170135498047,341.60242080688477,362.82386779785156,309.2057418823242,328.81004333496094,285.1337242126465,448.1483840942383,416.5732669830322,447.33142852783203,374.7212505340576,430.44334411621094,347.49595642089844,404.6246337890625,325.61259269714355
418.2384490966797,498.4625816345215,366.9804382324219,484.26801681518555,326.03954315185547,446.7982578277588,292.9751968383789,413.49011421203613,261.7222595214844,384.589262008667,341.8948745727539,390.14050483703613,295.5093002319336,346.6116142272949,262.6961898803711,322.46941566467285,233.74370574951172,304.4922637939453,371.3407516479492,376.90192222595215,334.0852355957031,322.5817680358887,300.051212310791,292.0858669281006,266.7325973510742,273.69481086730957,402.26009368896484,378.9272403717041,382.59082794189453,320.94263076782227,358.0481719970703,288.1837463378906,329.77745056152344,264.93146896362305,433.9695358276367,391.69132232666016,436.0769271850586,348.2328128814697,423.0955123901367,319.910945892334,401.63890838623047,297.9949951171875
411.45397186279297,474.4251251220703,351.4280700683594,461.07619285583496,307.0383071899414,418.86388778686523,276.3022232055664,381.8590450286865,242.8374481201172,356.60279273986816,322.1357727050781,357.8782081604004,280.9466743469238,316.38988494873047,251.5460205078125,290.6311798095703,225.68082809448242,268.4823989868164,352.94700622558594,342.2420310974121,318.8171577453613,288.96778106689453,289.3651580810547,253.79962921142578,262.1593475341797,224.65906620025635,386.2838363647461,341.94708824157715,365.10826110839844,283.8936710357666,343.2460021972656,246.60444259643555,319.5907783508301,214.5091438293457,421.73763275146484,353.60984802246094,421.53778076171875,305.9878921508789,412.1346664428711,274.5132637023926,397.29610443115234,246.35284423828125
409.0163040161133,466.9424343109131,346.2029266357422,454.76057052612305,301.1782455444336,410.4959964752197,269.61408615112305,372.5478458404541,235.97620010375977,348.3896827697754,313.4906005859375,347.19008445739746,271.0537910461426,304.1510581970215,242.1731948852539,277.78138160705566,217.3444366455078,254.1089630126953,344.44091796875,330.7620620727539,309.6858215332031,274.9398994445801,281.5028381347656,239.96532440185547,255.52444458007812,209.85893726348877,379.2996597290039,329.73137855529785,355.8725357055664,267.78356552124023,334.42535400390625,229.3306589126587,312.6084899902344,194.27955150604248,415.6559753417969,340.7955265045166,412.29530334472656,289.6244430541992,405.1859664916992,255.0546169281006,394.83734130859375,222.9773998260498
404.5310974121094,443.77756118774414,339.1243362426758,432.7107238769531,290.5671691894531,389.97642517089844,259.0907859802246,352.3769760131836,226.10515594482422,330.55898666381836,300.81201553344727,326.9542980194092,258.06896209716797,281.36558532714844,229.5319366455078,252.7730369567871,205.3844451904297,227.24122524261475,332.3115539550781,308.6224937438965,298.8250732421875,247.73245811462402,272.563419342041,207.71472930908203,249.31922912597656,173.87553691864014,366.6923522949219,306.4193344116211,346.2258529663086,242.13083267211914,328.72947692871094,200.09522438049316,311.15196228027344,162.83151626586914,402.99816131591797,316.4241027832031,400.8718490600586,261.7052364349365,396.99806213378906,224.9910593032837,390.43052673339844,190.86627960205078
395.6304168701172,435.8536720275879,331.6048049926758,422.6404666900635,284.6464157104492,378.7936592102051,253.74000549316406,341.1664009094238,220.53155899047852,321.21840476989746,293.91075134277344,316.0501956939697,252.1939468383789,270.81793785095215,224.44915771484375,243.2164764404297,200.73505401611328,217.8757667541504,324.82288360595703,298.7153148651123,292.5279235839844,237.2262954711914,267.0261001586914,197.8650426864624,243.47509384155273,163.46787929534912,358.91727447509766,296.00486755371094,339.8588562011719,231.23391151428223,323.2010269165039,188.13589096069336,305.1150321960449,149.290452003479,394.5484161376953,305.0924491882324,393.3058166503906,250.283203125,390.2549362182617,212.89037704467773,383.57635498046875,177.8288698196411
387.94803619384766,415.13769149780273,323.96717071533203,405.17446517944336,276.7199516296387,364.8476028442383,246.1306381225586,327.45094299316406,212.95345306396484,307.7553176879883,284.0709114074707,299.7392463684082,242.48750686645508,254.55053329467773,216.36699676513672,226.5351390838623,194.21703338623047,200.05393981933594,314.4967269897461,281.03925704956055,281.78646087646484,219.86560821533203,257.9353713989258,180.23298740386963,237.0962142944336,145.34116744995117,348.54373931884766,277.7670478820801,329.19139862060547,214.50170516967773,312.8190040588379,172.15222835540771,296.16369247436523,134.0692663192749,384.9641799926758,286.1166286468506,384.2669677734375,231.94632053375244,381.6859436035156,195.9025526046753,375.9257507324219,162.04283237457275
380.12462615966797,408.7891387939453,319.0832710266113,398.74128341674805,272.7363967895508,358.3491897583008,242.1326446533203,321.88573837280273,209.70874786376953,302.6509094238281,278.10571670532227,290.40919303894043,238.35769653320312,246.74145698547363,212.99026489257812,219.2664670944214,191.94936752319336,193.37968826293945,307.6001167297363,272.7088165283203,276.07616424560547,211.6577911376953,253.7308692932129,172.4847650527954,233.4676742553711,137.5858211517334,341.26224517822266,269.7807312011719,323.2476043701172,206.47284507751465,309.4814109802246,164.15215015411377,294.206600189209,125.95208644866943,377.4156188964844,278.24212074279785,378.8460922241211,225.3295612335205,378.6832046508789,188.89766693115234,374.4710159301758,154.32978630065918
372.1304702758789,399.039945602417,311.6602897644043,390.4283809661865,264.3435859680176,351.06462478637695,233.36088180541992,315.2384376525879,200.78622817993164,296.73731803894043,271.3865280151367,281.00483894348145,232.2089958190918,235.4400873184204,207.92770385742188,206.8838882446289,188.22933197021484,180.4773759841919,300.7369041442871,263.2920455932617,270.22525787353516,200.8465576171875,249.46258544921875,160.8255672454834,231.10721588134766,125.73384761810303,334.0504837036133,260.1957893371582,317.19799041748047,196.19688034057617,305.2214241027832,153.90741348266602,292.0682907104492,115.97235202789307,369.70775604248047,268.17626953125,372.48619079589844,215.39823532104492,373.55430603027344,179.42885398864746,371.00711822509766,145.48054218292236
365.70194244384766,391.51514053344727,304.6832847595215,381.8543243408203,257.2982406616211,340.65585136413574,226.74840927124023,304.4233703613281,195.11232376098633,285.32129287719727,266.4132499694824,271.50898933410645,228.40919494628906,226.199312210083,204.93568420410156,197.48319625854492,186.39556884765625,171.03361129760742,296.3929557800293,253.74815940856934,267.36913681030273,190.83678245544434,247.26076126098633,150.52266597747803,229.50088500976562,115.34882068634033,330.1033401489258,251.01253509521484,314.7445297241211,185.26793003082275,303.3343696594238,143.03130626678467,290.644588470459,105.22109985351562,365.6898880004883,260.48678398132324,371.2275695800781,208.28596115112305,373.93192291259766,171.84423923492432,372.9290008544922,137.40699291229248
364.2191696166992,387.54103660583496,303.1103706359863,376.3304901123047,255.21949768066406,334.8252868652344,223.78986358642578,298.51318359375,192.22259521484375,279.24264907836914,265.6437683105469,266.13266944885254,228.47223281860352,219.90077018737793,205.34303665161133,190.8867645263672,186.96355819702148,164.20555114746094,296.03567123413086,248.27702522277832,268.3147430419922,185.48113346099854,248.6484146118164,144.87985610961914,231.021728515625,109.33287620544434,329.87796783447266,245.60242652893066,316.49871826171875,180.5260705947876,306.79161071777344,138.1647491455078,295.24736404418945,100.51610469818115,365.7326126098633,254.96623992919922,372.27996826171875,202.16228485107422,375.7963180541992,165.40766716003418,375.4601287841797,130.95547199249268
361.11778259277344,380.39560317993164,300.8792304992676,367.4992847442627,256.2051582336426,324.5368194580078,225.59165954589844,288.94566535949707,194.78816986083984,268.6306571960449,270.0568199157715,253.78214836120605,234.60948944091797,207.420015335083,212.62685775756836,177.29235649108887,195.5061149597168,149.36631202697754,300.53735733032227,236.18375301361084,275.24877548217773,171.71550750732422,256.83698654174805,129.97491359710693,239.92406845092773,94.06974792480469,333.88206481933594,234.2078161239624,325.0983428955078,170.78204154968262,316.9739532470703,127.45126247406006,306.2355422973633,88.58123302459717,368.60416412353516,245.4038429260254,378.1398391723633,194.38236236572266,383.1562805175781,158.59082221984863,384.4440460205078,125.28511047363281
365.5521774291992,376.30502700805664,306.09458923339844,366.14599227905273,259.9409484863281,325.6106185913086,227.711181640625,288.4475040435791,194.1345977783203,266.30656242370605,271.41334533691406,250.4721164703369,235.76576232910156,202.1919822692871,213.42580795288086,171.97239875793457,195.64315795898438,143.8029384613037,303.39550018310547,232.250018119812,279.5474433898926,167.21795082092285,261.37487411499023,125.66651344299316,244.58929061889648,89.10019397735596,337.30918884277344,230.48821449279785,329.19567108154297,165.7068157196045,321.5937042236328,122.91769981384277,312.3163032531738,84.62755680084229,372.29000091552734,241.77480697631836,382.6881408691406,191.69064044952393,388.4817123413086,155.96174240112305,390.9149932861328,122.20437526702881
364.75109100341797,375.85338592529297,304.9212455749512,365.0302219390869,259.1937828063965,324.18299674987793,227.09550857543945,287.00008392333984,193.41522216796875,264.8815441131592,273.3816909790039,249.2856502532959,238.35922241210938,200.68299293518066,216.1656951904297,170.40517330169678,198.23036193847656,141.99929237365723,305.311222076416,231.01173877716064,282.06193923950195,165.59414863586426,263.87414932250977,123.73485088348389,247.01593399047852,87.14441299438477,338.8930130004883,229.32146072387695,331.4223861694336,164.74928855895996,324.11876678466797,121.71010494232178,314.94407653808594,83.27746868133545,373.26114654541016,240.78969955444336,384.29908752441406,191.02227687835693,390.79505920410156,155.85082054138184,393.8065719604492,122.99124240875244
369.9989700317383,375.6662178039551,309.6147155761719,365.6657409667969,260.96160888671875,325.91145515441895,226.19375228881836,289.0956401824951,191.35692596435547,267.6682662963867,276.7025375366211,250.29813766479492,240.28631210327148,200.95832347869873,217.2170639038086,170.00885009765625,198.68736267089844,141.0981273651123,309.000301361084,231.6964817047119,285.69786071777344,165.68721771240234,267.8671646118164,123.10516834259033,251.6733169555664,86.03799819946289,342.93209075927734,229.71068859100342,334.8057556152344,165.23066997528076,327.1118927001953,121.91668510437012,317.84488677978516,83.20977687835693,377.6560974121094,240.73270797729492,387.8033447265625,190.65688133239746,394.07955169677734,155.4893445968628,397.13645935058594,122.48924732208252
370.09777069091797,373.685245513916,311.039981842041,363.9799404144287,263.81046295166016,324.3489360809326,228.59769821166992,288.9174270629883,192.11566925048828,269.0180969238281,279.8405075073242,248.19125175476074,243.25258255004883,199.22183990478516,220.93263626098633,168.7443208694458,203.22368621826172,139.3048095703125,312.81078338623047,230.08270740509033,288.95565032958984,163.67995262145996,271.3285446166992,121.28664493560791,255.02939224243164,83.2575273513794,347.4125289916992,228.80248546600342,338.58882904052734,164.22832489013672,330.65185546875,121.20440483093262,320.97301483154297,81.75365924835205,382.45399475097656,240.4530143737793,391.54903411865234,190.91059684753418,397.8969955444336,156.42687320709229,401.0078811645508,123.8190221786499
371.2120819091797,374.7520637512207,312.6154899597168,363.93665313720703,264.7375679016113,324.5737838745117,229.78315353393555,289.2418384552002,193.86306762695312,267.90624618530273,282.9278373718262,248.25448036193848,246.12525939941406,199.65837478637695,222.7524757385254,169.2491340637207,203.8728141784668,140.09191989898682,315.6510353088379,230.33514976501465,292.4696922302246,163.8907814025879,275.13736724853516,121.26916408538818,259.26788330078125,83.42469692230225,349.87804412841797,229.22208309173584,341.67247772216797,164.48498725891113,333.9768600463867,122.0346736907959,324.55657958984375,83.00588607788086,384.3778991699219,240.91715812683105,394.3555450439453,190.9885597229004,401.43009185791016,156.30071640014648,405.13622283935547,123.32861423492432
369.97962951660156,374.4449043273926,312.8632926940918,360.77659606933594,266.1759567260742,320.8678722381592,231.06943130493164,288.00135612487793,195.5694580078125,267.58169174194336,286.9417953491211,245.69583892822266,250.3548812866211,198.21576118469238,226.4105987548828,168.22640419006348,207.27497100830078,139.31499481201172,319.15496826171875,228.39311599731445,296.6482353210449,163.28375816345215,279.31419372558594,121.32731437683105,263.43374252319336,84.3852424621582,352.6095962524414,227.35562324523926,344.9724578857422,163.16156387329102,337.6045227050781,120.62252998352051,328.5553741455078,81.15825176239014,386.13128662109375,238.5428810119629,396.46923065185547,188.81930351257324,403.6065673828125,153.97037029266357,407.3531723022461,120.69418430328369
369.6029281616211,373.8657760620117,314.2616653442383,360.5378723144531,266.72035217285156,321.220121383667,230.8600616455078,288.43125343322754,194.79557037353516,267.4668216705322,289.1688346862793,244.78360176086426,253.48426818847656,199.00846481323242,228.15536499023438,169.35163021087646,207.41668701171875,140.50689697265625,320.74520111083984,227.50433921813965,300.03944396972656,163.0107593536377,283.2221221923828,121.36566638946533,267.48828887939453,84.44231986999512,353.8578414916992,226.95236206054688,347.03834533691406,161.33508682250977,339.5534133911133,118.41549396514893,330.20729064941406,79.2145586013794,387.25341796875,238.9317798614502,396.48670196533203,188.72005462646484,401.8471145629883,152.89555549621582,403.8706970214844,118.70093822479248
372.1445083618164,372.22246170043945,316.4741516113281,357.6149082183838,269.3969535827637,317.3334503173828,234.55604553222656,285.32793045043945,197.79170989990234,264.228572845459,294.99267578125,241.09219551086426,257.95690536499023,197.43138313293457,232.2390365600586,170.07207870483398,210.20038604736328,142.52723693847656,326.17828369140625,224.71495628356934,304.7370147705078,161.19406700134277,286.76525115966797,120.73160648345947,268.6347961425781,84.53644752502441,357.6072692871094,225.76163291931152,350.34141540527344,162.50503063201904,339.4620895385742,120.2971601486206,325.02628326416016,82.47612476348877,388.4937286376953,239.0615701675415,389.4987106323242,189.0926742553711,384.01702880859375,154.43435668945312,374.30572509765625,122.47040748596191
376.3808059692383,370.918550491333,320.0772476196289,354.9949264526367,272.86487579345703,314.99982833862305,238.18490982055664,283.6084842681885,200.82653045654297,260.98474502563477,299.46691513061523,239.4205141067505,262.6997184753418,196.51318073272705,237.1088409423828,171.16375923156738,214.71839904785156,145.03525257110596,328.98780822753906,223.87518882751465,309.29386138916016,160.92689037322998,290.6980323791504,121.82451725006104,271.74793243408203,86.0053825378418,357.4876022338867,226.40908241271973,351.842041015625,162.43806838989258,337.9347229003906,123.74778270721436,319.50448989868164,90.00783920288086,386.46427154541016,240.5529499053955,384.3067932128906,193.38177680969238,369.8113250732422,164.44573402404785,349.0061569213867,140.0119113922119
378.2941436767578,369.52898025512695,320.4484176635742,354.3266773223877,273.9156723022461,312.51989364624023,240.06704330444336,279.7821807861328,202.61009216308594,257.8369903564453,300.4187774658203,237.14431285858154,265.698299407959,195.56021690368652,239.88836288452148,170.29638290405273,216.91457748413086,145.34314155578613,330.0368881225586,221.57712936401367,312.3133087158203,159.43096160888672,292.0922088623047,121.35764122009277,270.4774475097656,90.20318984985352,357.78797149658203,223.33402633666992,352.2429656982422,160.90785026550293,333.31016540527344,126.28934383392334,309.5205307006836,99.79840278625488,385.7868194580078,237.07237243652344,383.9908981323242,191.6572380065918,366.0613250732422,169.48765754699707,340.68836212158203,154.93420600891113
381.36890411376953,370.12415885925293,323.3725357055664,353.32752227783203,277.1626663208008,312.4120330810547,243.7763214111328,278.7886905670166,207.02417373657227,255.88379859924316,303.3392524719238,236.5093231201172,269.9460792541504,192.88779258728027,245.73957443237305,167.77449131011963,223.23036193847656,143.68114471435547,334.2819595336914,222.4625301361084,313.1399917602539,164.81303215026855,288.65718841552734,132.13851928710938,263.2442283630371,108.93556594848633,364.3699264526367,223.62014293670654,361.89552307128906,162.20772743225098,338.5442352294922,133.79384994506836,311.55954360961914,120.28076648712158,394.7521209716797,235.64021587371826,392.8550338745117,184.30652618408203,373.20167541503906,168.6546277999878,347.8750991821289,169.01719093322754
382.95482635498047,372.57144927978516,326.0615921020508,355.78319549560547,280.04364013671875,315.05332946777344,245.8792495727539,280.5967140197754,209.14974212646484,257.0955562591553,304.918155670166,239.40479278564453,272.9846382141113,194.97292041778564,248.54034423828125,168.8949680328369,225.9783172607422,145.39329528808594,335.4375457763672,224.9850368499756,313.5890579223633,168.86531352996826,287.5659942626953,138.35949897766113,261.70249938964844,119.82653617858887,365.94573974609375,225.17868518829346,363.89915466308594,163.1575870513916,339.6064758300781,136.88481330871582,312.6957130432129,129.16425704956055,397.4480438232422,235.8874225616455,397.6274108886719,184.030122756958,379.15550231933594,168.99890899658203,355.03170013427734,173.51557731628418
383.26454162597656,376.83274269104004,328.52489471435547,359.9967956542969,284.3043899536133,319.59099769592285,250.39337158203125,285.75304985046387,214.21566009521484,260.7503414154053,309.28213119506836,243.13359260559082,274.6561622619629,197.75500774383545,249.1341781616211,171.75579071044922,224.28268432617188,150.10376930236816,339.9913024902344,227.8280210494995,320.7821273803711,172.2798728942871,292.2335433959961,146.20842933654785,260.94078063964844,131.63289070129395,370.5784606933594,228.1336498260498,373.94676208496094,165.63563346862793,350.5304718017578,138.00724983215332,321.32884979248047,123.68462562561035,401.7325210571289,240.53875923156738,408.5006332397461,192.36888885498047,394.1715621948242,168.8959264755249,371.3960647583008,156.693377494812
387.3047637939453,383.86653900146484,332.8340148925781,366.2171745300293,289.4580841064453,326.85258865356445,255.42236328125,293.8425922393799,221.56570434570312,264.2105197906494,313.1304168701172,251.21581077575684,278.1901741027832,212.0361614227295,250.07513046264648,189.8891544342041,222.61770248413086,171.31668090820312,342.47467041015625,236.83399200439453,324.9871063232422,179.26674842834473,296.8202781677246,158.87609481811523,266.29064559936523,151.59785270690918,371.85047149658203,236.44198894500732,366.89781188964844,174.22781467437744,346.7151641845703,137.58740901947021,323.57215881347656,109.20042514801025,400.9776306152344,248.84502410888672,401.4708709716797,198.92696857452393,393.54259490966797,163.8422727584839,381.7718505859375,132.7128267288208
388.6868667602539,389.05059814453125,334.6068572998047,372.1647834777832,292.1428871154785,329.77712631225586,258.8982963562012,296.5295219421387,224.26061630249023,268.9602470397949,316.4769172668457,255.5324649810791,282.49956130981445,216.47202014923096,253.30881118774414,195.2256202697754,224.97108459472656,178.59764099121094,344.22489166259766,242.25946426391602,330.46295166015625,181.80770874023438,302.11572647094727,161.9488763809204,272.24159240722656,156.9356346130371,371.6257095336914,242.91295051574707,366.8323516845703,179.908447265625,346.45450592041016,143.01883220672607,324.5319366455078,115.1202392578125,398.35208892822266,255.64762115478516,395.89427947998047,206.04339122772217,385.95165252685547,171.2171459197998,373.5857391357422,140.37244319915771
393.43994140625,396.8723487854004,337.59849548339844,381.43089294433594,293.2663154602051,337.6167583465576,261.51344299316406,303.63000869750977,228.4052276611328,274.27788734436035,317.69744873046875,262.2701168060303,281.74339294433594,225.70578575134277,252.16995239257812,207.3767852783203,224.5053482055664,194.76365089416504,343.8779830932617,248.76874923706055,328.9308166503906,189.28447723388672,303.8424491882324,167.7350664138794,276.7672538757324,159.67177391052246,370.6272888183594,250.93022346496582,358.5756301879883,188.07867050170898,336.24671936035156,153.90300750732422,312.14874267578125,128.07894229888916,397.4338150024414,265.742826461792,388.23394775390625,219.2936897277832,374.90882873535156,186.76663398742676,359.1626739501953,158.12636375427246
393.1190872192383,400.3303813934326,335.2799987792969,381.3527011871338,292.07366943359375,337.0630931854248,261.6016387939453,303.5552215576172,228.88683319091797,273.34728240966797,318.82213592529297,263.96312713623047,282.68667221069336,227.84225463867188,252.5381851196289,209.26480293273926,222.7845573425293,195.9503173828125,346.2726593017578,251.61274909973145,332.80242919921875,192.24160194396973,307.67398834228516,166.4100694656372,278.37249755859375,151.23417377471924,373.67565155029297,255.3376579284668,361.6258239746094,193.73591423034668,335.56053161621094,162.88653373718262,305.9734535217285,140.52560806274414,401.46617889404297,270.6091117858887,390.4425811767578,226.27544403076172,369.7182846069336,202.78916358947754,344.0523910522461,185.65918922424316
396.95369720458984,398.06267738342285,341.96868896484375,385.2838897705078,294.6160697937012,342.3738670349121,263.7647247314453,307.3792362213135,231.1111068725586,282.8722286224365,318.2997131347656,265.4585838317871,280.8153533935547,225.97596645355225,251.8429183959961,202.96900749206543,224.80587005615234,184.93935585021973,347.3387908935547,251.11035346984863,326.4873504638672,190.55522918701172,297.00504302978516,163.17139148712158,266.9416046142578,149.69348430633545,377.16835021972656,251.78049087524414,365.9205627441406,187.12603569030762,335.718994140625,163.71726036071777,306.8367004394531,156.51168823242188,408.2469940185547,264.4507884979248,398.582763671875,213.59034061431885,378.4297561645508,210.25812149047852,358.2749557495117,224.2994499206543
405.42633056640625,401.55967712402344,348.1620788574219,386.9691467285156,301.96964263916016,346.15196228027344,269.3821334838867,309.96826171875,235.9044647216797,281.6715717315674,321.4497756958008,267.96043395996094,284.84643936157227,223.28586101531982,257.45885848999023,197.37178802490234,231.56156539916992,174.21083450317383,350.12516021728516,252.1384048461914,320.6906509399414,196.57270431518555,288.5881042480469,173.1661605834961,258.8181686401367,163.27425956726074,381.2702941894531,250.3205966949463,372.8164291381836,186.12645149230957,344.027099609375,172.26579666137695,317.4479293823242,176.83293342590332,415.0072479248047,259.3535041809082,408.87245178222656,207.694673538208,387.2526550292969,206.2946891784668,366.885986328125,225.24444580078125
407.6299285888672,402.99342155456543,350.6241989135742,388.5325813293457,304.48333740234375,347.7725028991699,272.3857307434082,311.6261100769043,240.9663200378418,282.10822105407715,323.3738327026367,270.3464126586914,287.16360092163086,225.07299900054932,259.1713333129883,199.0682315826416,233.4003448486328,176.5894317626953,351.9155502319336,254.46547508239746,323.58333587646484,198.5278558731079,288.7786102294922,175.50596237182617,256.9430732727051,167.44440078735352,383.39893341064453,253.27322959899902,378.4364318847656,187.08579540252686,349.56146240234375,170.41162490844727,323.22925567626953,175.75953483581543,417.591552734375,263.78851890563965,413.87462615966797,210.6555461883545,392.2798538208008,204.8916721343994,371.1328887939453,221.87909603118896
410.35545349121094,405.86666107177734,353.1267547607422,389.26036834716797,309.07066345214844,348.7323760986328,279.1504096984863,313.42766761779785,249.08096313476562,281.418399810791,326.51851654052734,272.6510810852051,287.4463081359863,232.24503993988037,257.6181411743164,209.79206085205078,230.27713775634766,193.78395080566406,357.6795196533203,255.4244613647461,338.1877136230469,198.99676322937012,306.8702697753906,174.91192817687988,274.03926849365234,169.7275972366333,390.14564514160156,255.40526390075684,390.97007751464844,191.34125232696533,364.78416442871094,164.31668758392334,335.0939178466797,158.69160175323486,423.72745513916016,269.9755096435547,428.96873474121094,221.53581619262695,413.01544189453125,197.32280731201172,389.7511672973633,190.2740478515625
411.15936279296875,404.8594093322754,355.2415084838867,389.7239112854004,311.25478744506836,350.679931640625,281.90046310424805,317.2005844116211,252.00048446655273,286.2443161010742,326.86973571777344,273.63221168518066,287.8327941894531,237.22618103027344,258.6189842224121,217.71998405456543,231.08190536499023,203.58922004699707,358.3064651489258,256.1419486999512,343.51879119873047,196.47242546081543,316.0560989379883,175.2223777770996,284.88304138183594,170.1573371887207,389.67639923095703,255.6056785583496,392.63427734375,191.9552707672119,369.5741271972656,162.47048377990723,341.2467575073242,146.72381401062012,421.17401123046875,269.49440002441406,425.7524108886719,218.8683271408081,412.55733489990234,191.33979320526123,391.22276306152344,173.89894008636475
411.5292739868164,408.8994598388672,357.7468490600586,392.62513160705566,315.0539016723633,351.38794898986816,287.50457763671875,317.99134254455566,258.54419708251953,285.58210372924805,331.95098876953125,276.92378997802734,293.5534858703613,240.74114799499512,262.8897476196289,226.09416961669922,233.69081497192383,218.45163345336914,360.2362823486328,261.3932418823242,347.9148483276367,198.50037574768066,319.46693420410156,175.38697242736816,287.53509521484375,166.98203086853027,388.79974365234375,262.65326499938965,384.78527069091797,198.76421928405762,362.83618927001953,162.64615058898926,337.7128601074219,135.87618827819824,416.22066497802734,277.5014019012451,413.29051971435547,228.72442245483398,402.83851623535156,194.81091499328613,388.5457992553711,165.2589511871338
412.7204132080078,411.1401557922363,358.1476593017578,395.5144214630127,315.0053405761719,353.324031829834,289.29731369018555,319.6332836151123,264.48657989501953,285.75021743774414,334.69547271728516,276.3780212402344,300.71908950805664,237.44281768798828,270.93067169189453,224.4770336151123,241.59244537353516,220.20768642425537,362.01927185058594,262.55255699157715,349.51507568359375,200.43079376220703,321.3328552246094,174.46753978729248,288.4550666809082,159.27803993225098,389.94327545166016,265.70460319519043,380.05882263183594,201.0576295852661,355.7652282714844,168.2630968093872,327.8591537475586,142.4779987335205,416.2059020996094,282.2380256652832,408.92127990722656,234.1245174407959,397.48390197753906,200.79796314239502,382.9256057739258,170.50748348236084
409.98111724853516,410.50764083862305,358.8564682006836,395.58494567871094,318.3510971069336,353.8827896118164,297.1708106994629,319.3692970275879,274.62093353271484,286.69429779052734,332.05299377441406,271.16955757141113,306.4173698425293,227.78334617614746,280.9769821166992,217.69811153411865,256.18186950683594,219.48243141174316,360.17215728759766,259.34566497802734,342.9671859741211,196.48339748382568,316.5995979309082,168.59024047851562,287.2697067260742,151.42497539520264,389.6748352050781,264.8442077636719,382.04124450683594,201.96916580200195,355.5406951904297,174.80538368225098,326.41834259033203,158.89281749725342,419.2694854736328,283.55401039123535,409.0165710449219,235.5168342590332,385.9766387939453,225.38472175598145,360.0027847290039,227.47467041015625
416.6297149658203,411.72271728515625,363.0850601196289,394.98653411865234,320.44254302978516,351.8239688873291,298.38008880615234,312.6876926422119,280.39424896240234,276.73851013183594,338.5308074951172,271.41225814819336,311.89815521240234,226.40742301940918,287.19970703125,208.85677814483643,261.66555404663086,198.5079574584961,364.29718017578125,260.4943656921387,339.7257614135742,197.52448081970215,309.80993270874023,168.86255264282227,279.44387435913086,153.3834171295166,393.0931854248047,264.10932540893555,381.3005065917969,199.52167510986328,349.1552734375,185.18460273742676,318.74773025512695,184.47904586791992,423.4994888305664,278.76245498657227,409.2652893066406,229.630765914917,383.7158203125,232.26222038269043,360.71895599365234,249.58791732788086
417.7608871459961,414.8206901550293,363.0010986328125,396.17454528808594,321.1275100708008,352.50789642333984,298.87046813964844,312.4102592468262,282.03983306884766,275.26920318603516,339.13097381591797,273.0508518218994,310.6734848022461,229.41654682159424,284.4521713256836,206.73663139343262,258.0519676208496,186.2449836730957,364.6242141723633,261.04004859924316,337.13775634765625,201.48582458496094,304.81863021850586,174.48057174682617,275.0774383544922,159.96356964111328,393.5028076171875,263.0091190338135,383.4943389892578,197.35686779022217,352.1293640136719,187.55467414855957,325.0145721435547,192.5917625427246,424.8824691772461,275.44898986816406,413.7777328491211,224.01155948638916,388.74359130859375,230.88393688201904,368.572998046875,255.0307273864746
417.00042724609375,412.43682861328125,362.55889892578125,395.9575653076172,320.0226593017578,351.34260177612305,299.13463592529297,310.22698402404785,279.9147415161133,273.7808418273926,337.73956298828125,271.9122791290283,308.8922119140625,223.94411087036133,283.6405372619629,198.68720054626465,258.8348388671875,177.71879196166992,364.68990325927734,260.4299068450928,338.4297561645508,203.74122619628906,301.94408416748047,183.09405326843262,266.8305969238281,174.58683013916016,394.47017669677734,261.8852233886719,386.39232635498047,195.88525772094727,353.4770202636719,183.88864517211914,323.4734344482422,187.4259853363037,427.52601623535156,273.55785369873047,421.4223098754883,220.09338855743408,396.5988540649414,224.83155727386475,374.8430633544922,247.75071144104004
413.5211181640625,410.8927917480469,362.67051696777344,393.9634323120117,321.2066650390625,347.99177169799805,299.30830001831055,307.9892921447754,278.400936126709,272.00695037841797,336.7327880859375,271.82496070861816,308.3856391906738,224.2763328552246,283.17338943481445,199.33937072753906,257.65098571777344,181.2312126159668,365.1053237915039,258.9232063293457,346.5665817260742,199.83056545257568,311.84112548828125,178.0026340484619,275.90946197509766,172.38598823547363,394.8221206665039,260.9988212585449,390.18871307373047,193.6769199371338,361.67015075683594,174.09055709838867,331.8828582763672,172.3377513885498,425.7444763183594,275.68591117858887,422.45777130126953,225.18665313720703,403.7091064453125,212.90925979614258,383.1233215332031,216.42136573791504
417.80052185058594,413.83618354797363,364.6824645996094,392.048921585083,324.69268798828125,342.38619804382324,300.62719345092773,302.18616485595703,275.29212951660156,265.8603858947754,344.63966369628906,272.38429069519043,314.4244575500488,223.93223762512207,287.44110107421875,199.32672500610352,258.9544486999512,179.79341983795166,369.2740249633789,262.96448707580566,349.1918182373047,203.45862865447998,318.1639862060547,178.56986045837402,283.6039352416992,163.60882759094238,395.0532531738281,267.3427963256836,384.33082580566406,202.15088367462158,361.8197250366211,169.02709007263184,335.01319885253906,144.05044555664062,421.12815856933594,283.5035705566406,413.3984375,235.77080726623535,400.2393341064453,202.2861385345459,383.68499755859375,172.47310638427734
424.0301513671875,414.4303321838379,372.1664047241211,389.62114334106445,332.05333709716797,335.84203720092773,307.11944580078125,296.51415824890137,281.2338638305664,261.6746234893799,359.53243255615234,265.1931095123291,327.7827453613281,218.48516464233398,298.9617156982422,198.11302185058594,269.69970703125,183.03013801574707,378.6625671386719,259.62804794311523,354.9869155883789,200.78202724456787,327.25048065185547,173.0043125152588,297.6584815979004,152.35299110412598,399.6226501464844,267.1732521057129,381.24046325683594,204.05696868896484,357.2389221191406,171.7305850982666,331.6219711303711,146.51910781860352,420.5381774902344,285.1322650909424,407.94933319091797,236.8109893798828,392.8660202026367,204.95192527770996,376.1520004272461,176.81559562683105
427.2800064086914,413.926477432251,372.2338104248047,383.5122299194336,335.51368713378906,327.79518127441406,312.485294342041,291.7500972747803,287.6874542236328,259.2344570159912,369.0339660644531,260.32487869262695,338.41575622558594,212.63773441314697,307.7653503417969,191.74253940582275,276.55677795410156,179.0806531906128,389.4529724121094,257.16224670410156,367.2393798828125,191.0917568206787,333.0989074707031,163.58187675476074,297.2127342224121,149.5021390914917,408.1858825683594,268.11570167541504,381.9413757324219,203.88264656066895,347.0548629760742,176.01030349731445,312.7999496459961,158.559250831604,421.5330505371094,289.64587211608887,391.02142333984375,247.21349716186523,364.67769622802734,223.65642070770264,338.953857421875,203.89989852905273
432.30350494384766,404.1341972351074,368.4889221191406,361.5743064880371,336.3886260986328,312.1156883239746,311.1483383178711,280.977087020874,285.32909393310547,256.82215690612793,392.3958206176758,247.60302543640137,360.81974029541016,189.65924263000488,328.2310485839844,162.0329475402832,296.7545700073242,146.58117771148682,410.9339904785156,253.57967376708984,378.8767623901367,181.6274642944336,334.7037887573242,155.19639015197754,293.3465576171875,144.8203468322754,420.1478576660156,272.5895690917969,369.60365295410156,215.7582950592041,319.27135467529297,201.0066032409668,277.779541015625,197.91277885437012,413.7303161621094,301.67713165283203,354.608154296875,271.1436080932617,312.8929328918457,267.7415943145752,279.4094467163086,272.10911750793457
439.3019485473633,398.63911628723145,386.21753692626953,347.5833320617676,357.6589584350586,297.0196723937988,332.7549743652344,259.7870349884033,308.1739044189453,234.21385288238525,412.29549407958984,247.26774215698242,368.71604919433594,189.04535293579102,332.4486541748047,165.36392211914062,297.4088668823242,151.14442348480225,416.8193817138672,260.6583881378174,372.46673583984375,188.74324321746826,327.92022705078125,164.48673248291016,286.7696952819824,153.96357536315918,409.4544219970703,281.20405197143555,337.4779510498047,239.22404766082764,289.2071533203125,246.22564315795898,256.2769317626953,256.7871379852295,390.0677490234375,307.56385803222656,330.34229278564453,276.8964385986328,294.88903045654297,281.47579193115234,268.5243225097656,288.6927795410156
425.7610321044922,401.23552322387695,429.97791290283203,339.39162254333496,413.69354248046875,283.0850601196289,387.16552734375,246.33556365966797,360.7511901855469,224.7861671447754,411.76597595214844,253.65703582763672,389.9526596069336,182.62118339538574,359.0541076660156,150.52343845367432,331.5872573852539,132.95469760894775,396.5426254272461,269.9930191040039,334.63645935058594,196.56841278076172,281.96088790893555,177.41538047790527,247.16796875,175.98172187805176,373.85799407958984,294.9107265472412,310.375919342041,228.69933128356934,265.60657501220703,218.2877254486084,238.58455657958984,221.07439041137695,348.65638732910156,325.90149879455566,297.9644012451172,280.10144233703613,267.16190338134766,275.15536308288574,246.9765853881836,282.2361660003662
423.4098815917969,409.54121589660645,434.34825897216797,343.9662265777588,414.11502838134766,286.11124992370605,379.9770736694336,251.82137489318848,348.76068115234375,236.61370754241943,400.4736328125,263.18641662597656,373.45592498779297,188.7870168685913,346.0427474975586,151.52705669403076,321.15150451660156,127.37039566040039,373.509521484375,280.8427619934082,311.2014961242676,214.82932090759277,269.6837615966797,193.8387393951416,242.6797103881836,185.45795917510986,345.92018127441406,307.04681396484375,285.6288528442383,244.72580909729004,250.9197235107422,222.31658935546875,228.02484512329102,210.07766246795654,321.77825927734375,337.6992988586426,271.7226028442383,294.40011978149414,244.51736450195312,276.44697189331055,224.44076538085938,263.66429328918457
420.70899963378906,410.46074867248535,437.6283645629883,341.76512718200684,424.69058990478516,277.05224990844727,396.61354064941406,233.624267578125,372.12413787841797,207.70159721374512,397.38731384277344,260.8916473388672,362.24517822265625,186.22879028320312,332.54127502441406,148.02068710327148,306.43754959106445,124.26190853118896,364.6250534057617,283.24384689331055,303.73361587524414,215.09860038757324,266.4804458618164,191.7240571975708,242.38628387451172,183.9966058731079,334.908447265625,311.93241119384766,275.0526428222656,247.60499954223633,242.56641387939453,219.5240592956543,221.98284149169922,204.11670684814453,311.3846206665039,342.7591323852539,259.3708038330078,298.06921005249023,232.24664688110352,275.00842094421387,212.87887573242188,256.28705978393555
412.6383590698242,416.8647766113281,436.3710021972656,349.4929504394531,430.1052474975586,282.4884510040283,404.8158645629883,229.80411529541016,388.14971923828125,190.19833087921143,385.89744567871094,268.2436466217041,347.17369079589844,192.2680950164795,316.31778717041016,153.07551383972168,290.89508056640625,128.73976707458496,350.18802642822266,293.0621337890625,290.4229927062988,221.3053321838379,255.9627342224121,195.38907051086426,237.2854232788086,187.4961805343628,320.69393157958984,323.37427139282227,255.66078186035156,261.1611557006836,220.21142959594727,226.678147315979,199.08641815185547,205.4813003540039,300.8307456970215,353.16121101379395,243.36074829101562,310.7557010650635,213.46145629882812,285.52648544311523,193.55379104614258,263.2250690460205
410.2971649169922,417.2083854675293,436.2028121948242,352.74988174438477,430.8430480957031,288.511905670166,405.3376770019531,235.42868614196777,389.96265411376953,194.37918663024902,382.33856201171875,270.1255130767822,342.9298400878906,193.751220703125,313.81601333618164,154.79031085968018,288.91185760498047,131.18914604187012,345.66661834716797,296.041202545166,286.5599822998047,224.21396255493164,250.889892578125,193.255877494812,227.46612548828125,178.61618041992188,315.89221954345703,326.5736675262451,251.68615341186523,267.5310230255127,217.35036849975586,233.69829654693604,195.56499481201172,212.91858673095703,295.67054748535156,356.67062759399414,241.13059997558594,310.8347511291504,214.24991607666016,285.4042053222656,196.92058563232422,263.98813247680664
411.1150360107422,421.9076156616211,436.4468002319336,356.1757278442383,431.2847900390625,290.06604194641113,406.2378692626953,236.46962642669678,392.09217071533203,194.1679573059082,375.24295806884766,274.93005752563477,342.9536819458008,197.54782676696777,318.8437271118164,154.8096799850464,298.0656623840332,125.32995700836182,338.63006591796875,303.66519927978516,274.42371368408203,230.1452350616455,238.21073532104492,192.44805335998535,212.18299865722656,169.13572311401367,312.26343154907227,333.6101818084717,248.1675910949707,276.2809753417969,219.1828155517578,244.29903030395508,201.4030647277832,223.97704124450684,297.8816032409668,361.3966369628906,253.41670989990234,309.0384578704834,242.69184112548828,288.01960945129395,242.01133728027344,274.9265956878662
414.20936584472656,421.6035461425781,440.0461196899414,354.76078033447266,433.8111877441406,288.13015937805176,408.00220489501953,234.76213932037354,395.26466369628906,193.3879280090332,373.0196762084961,275.6664562225342,342.00374603271484,197.52084732055664,319.72930908203125,154.88186359405518,300.34841537475586,124.89263534545898,336.0417938232422,303.6814498901367,273.2796096801758,231.4134407043457,237.97019958496094,193.20728302001953,210.8341407775879,169.18179988861084,311.2400817871094,333.1095886230469,255.88760375976562,282.89377212524414,234.24026489257812,254.38133239746094,219.87056732177734,236.78772926330566,299.0736198425293,360.3833198547363,263.78734588623047,316.58257484436035,259.37599182128906,298.57495307922363,261.589412689209,288.11222076416016
417.3967742919922,419.6201992034912,441.4556121826172,351.86668395996094,434.0483856201172,284.88335609436035,408.7677764892578,231.070818901062,400.18821716308594,189.12707805633545,375.32772064208984,273.0079650878906,342.21363067626953,196.40416145324707,318.8681221008301,154.0911626815796,300.2353858947754,123.73227596282959,339.8257827758789,300.40334701538086,280.34868240356445,231.42179489135742,246.37210845947266,194.88844871520996,221.96125030517578,172.99328327178955,315.96221923828125,330.1732921600342,261.8638229370117,275.59215545654297,247.24700927734375,249.21927452087402,239.71988677978516,235.003023147583,302.7273178100586,359.0420150756836,263.56090545654297,313.7134838104248,260.4552459716797,297.1826362609863,265.39306640625,289.6934223175049
419.15443420410156,417.80879974365234,441.8294906616211,348.376407623291,434.29542541503906,279.9872589111328,410.19874572753906,224.6973752975464,406.3950729370117,180.77184677124023,378.16356658935547,271.70119285583496,337.49874114990234,197.39487648010254,310.0137710571289,156.31446361541748,288.1435775756836,127.88623809814453,342.89661407470703,298.73814582824707,283.87821197509766,231.3101577758789,250.89218139648438,199.9797248840332,229.55551147460938,183.9503574371338,318.21001052856445,329.83325958251953,258.58617782592773,270.96044540405273,236.24685287475586,243.1171703338623,225.84083557128906,229.7036647796631,303.6231803894043,361.52615547180176,253.42105865478516,315.52602767944336,240.80947875976562,294.94786262512207,239.75204467773438,282.5530815124512
419.1059875488281,417.1887016296387,441.54773712158203,347.7470397949219,433.1879425048828,281.49081230163574,410.5652618408203,225.4021453857422,407.26173400878906,182.06899166107178,378.71509552001953,268.592004776001,334.6297836303711,198.5620880126953,306.20492935180664,159.23761367797852,283.5464859008789,131.85181617736816,343.7128448486328,294.75193977355957,285.7769012451172,232.55188465118408,253.6429214477539,203.0576992034912,234.17755126953125,187.61497020721436,318.15893173217773,327.2207450866699,258.3116912841797,274.4396781921387,230.93074798583984,245.6411075592041,217.2635269165039,229.3274688720703,302.55043029785156,360.13023376464844,250.4709243774414,319.3568801879883,232.36139297485352,297.39389419555664,226.46644592285156,280.1648426055908
419.37591552734375,416.0690402984619,443.1626892089844,347.10559844970703,434.65763092041016,281.58777236938477,409.79671478271484,225.1536226272583,406.30123138427734,181.09705924987793,374.77222442626953,266.3480758666992,327.69710540771484,202.20077991485596,298.10657501220703,172.64858722686768,276.4323043823242,154.51682567596436,340.2172088623047,292.8739070892334,281.5852928161621,228.34945678710938,250.86650848388672,199.82677459716797,232.92343139648438,184.04605865478516,315.6583786010742,325.534029006958,252.52038955688477,272.5400733947754,222.79117584228516,244.1275119781494,206.4910888671875,225.63726425170898,301.2815475463867,360.1197624206543,247.9347801208496,319.1320323944092,227.65625,296.76183700561523,218.90363693237305,277.14420318603516
417.60650634765625,418.115758895874,442.4457550048828,350.00295639038086,435.1287841796875,284.29664611816406,409.8350143432617,227.54236221313477,403.4855651855469,182.5275993347168,375.52295684814453,269.20509338378906,326.58329010009766,203.124361038208,299.6883010864258,175.86138725280762,282.12589263916016,160.1216983795166,341.57894134521484,296.29446029663086,279.3220901489258,227.64727592468262,247.2535514831543,197.7231216430664,227.73441314697266,181.0081958770752,317.28906631469727,328.4904098510742,251.87183380126953,273.65458488464355,224.2634391784668,245.91487884521484,209.1527557373047,228.47637176513672,303.11229705810547,361.5059280395508,251.6834259033203,315.2300548553467,236.10614776611328,293.4506034851074,231.67102813720703,276.92444801330566
417.3223114013672,419.98034477233887,442.9313278198242,353.7840270996094,436.08280181884766,287.4371910095215,409.35657501220703,230.92514991760254,402.45079040527344,186.7302703857422,374.24888610839844,273.2710647583008,332.79754638671875,200.12957096099854,305.87982177734375,164.60040092468262,285.0037384033203,139.65012073516846,337.73197174072266,300.9001064300537,275.35736083984375,234.31061267852783,242.79708862304688,202.46060371398926,221.2401580810547,183.22387218475342,313.5370635986328,331.27756118774414,259.8831558227539,282.05875396728516,244.2821502685547,256.15599632263184,237.3277473449707,242.84603118896484,301.7169952392578,360.4544734954834,263.97167205810547,320.9589672088623,260.2855682373047,304.2652130126953,264.5112609863281,296.25938415527344
417.63023376464844,417.35581398010254,442.62462615966797,351.8125247955322,434.5306396484375,283.5274314880371,406.75159454345703,229.93532180786133,398.0768585205078,187.14300155639648,372.9133987426758,273.7979507446289,330.35377502441406,199.14015769958496,302.46503829956055,160.7636260986328,281.40724182128906,133.33481311798096,335.31749725341797,302.1599006652832,275.79505920410156,239.62241649627686,246.75811767578125,209.1409206390381,227.71869659423828,192.65509128570557,311.2164115905762,331.5037536621094,259.3197250366211,282.80911445617676,253.51612091064453,256.5200901031494,255.6826400756836,244.51274871826172,298.70105743408203,358.57666969299316,264.9395561218262,318.7763214111328,266.2089157104492,300.92668533325195,275.8746528625488,292.39477157592773
419.08042907714844,418.1891441345215,443.68896484375,353.8411045074463,433.7211608886719,286.58841133117676,407.2586441040039,233.74045372009277,397.11315155029297,190.95972061157227,370.8346176147461,273.94320487976074,326.5653610229492,200.65598487854004,299.9751091003418,162.32545852661133,278.7783432006836,134.67325687408447,334.48516845703125,301.6809368133545,278.18714141845703,239.70437049865723,251.17721557617188,210.31720161437988,232.17100143432617,194.47568893432617,311.10193252563477,330.93881607055664,260.90065002441406,279.9001979827881,256.54296875,256.8427276611328,258.3378601074219,248.09346199035645,298.83533477783203,356.726016998291,265.4896545410156,314.434118270874,268.8785934448242,298.3006954193115,278.87794494628906,291.9510841369629
420.40977478027344,416.3473320007324,444.2863464355469,350.0331974029541,435.2513885498047,284.7260570526123,409.1316604614258,231.45150661468506,398.42498779296875,188.8011646270752,374.00482177734375,272.61523246765137,327.87960052490234,199.91646766662598,299.15870666503906,162.49558925628662,277.01093673706055,137.12066173553467,337.70519256591797,300.5030822753906,277.8684616088867,237.67722129821777,250.32848358154297,210.69425582885742,234.6630859375,197.65408515930176,314.05078887939453,332.0790767669678,258.33404541015625,281.37545585632324,242.0166015625,254.66703414916992,236.11011505126953,241.58102989196777,302.16203689575195,360.02766609191895,261.28822326660156,317.6572608947754,256.5007209777832,298.8837146759033,261.6345977783203,290.5430316925049
418.67015838623047,418.0440902709961,443.36082458496094,352.2501754760742,437.59037017822266,286.9109058380127,411.4472198486328,232.282133102417,399.5639419555664,188.5989761352539,374.52762603759766,272.5575256347656,329.60521697998047,199.58739280700684,301.4288520812988,162.47686386108398,279.9432563781738,137.52842903137207,339.0435791015625,299.4943428039551,279.09767150878906,237.43775367736816,249.76375579833984,210.4814100265503,232.93663024902344,197.0793342590332,315.3868103027344,330.79562187194824,258.84042739868164,280.19147872924805,239.44564819335938,253.8790512084961,231.32308959960938,240.62029838562012,303.3779716491699,358.82068634033203,261.2602233886719,317.7395725250244,254.6026611328125,299.9713611602783,258.1460380554199,291.8803882598877
421.3713836669922,418.14308166503906,444.8194885253906,351.2004089355469,438.46771240234375,285.3779125213623,413.3469009399414,229.68063354492188,403.7826919555664,184.7759771347046,377.8826904296875,272.10296630859375,333.36498260498047,198.2046604156494,304.9425506591797,161.57967567443848,283.25748443603516,136.93044662475586,342.4057388305664,299.6970462799072,279.22311782836914,236.70790672302246,249.1525650024414,210.52874565124512,233.15567016601562,197.3378849029541,318.5992431640625,331.37572288513184,259.3048095703125,279.91353034973145,238.32393646240234,252.26377487182617,229.6469497680664,237.0285129547119,306.0130500793457,359.9953365325928,260.2945137023926,317.83095359802246,252.21302032470703,298.9090061187744,255.3302764892578,288.73154640197754
423.29601287841797,416.5927219390869,445.9579849243164,350.55556297302246,438.4165954589844,286.6589069366455,413.3539581298828,231.33184432983398,401.8730926513672,187.62030601501465,378.3382797241211,271.08089447021484,335.9042739868164,197.29857444763184,308.35693359375,160.56718826293945,286.6859436035156,136.2088108062744,343.388671875,297.0365238189697,283.6842155456543,234.3848991394043,253.21735382080078,208.53529930114746,235.67062377929688,196.36785507202148,319.68162536621094,329.2844581604004,261.6475296020508,280.2735900878906,240.013427734375,253.78741264343262,230.31110763549805,239.70251083374023,307.18976974487305,359.1757392883301,263.04752349853516,319.7072410583496,254.92286682128906,302.069149017334,257.6418113708496,292.67712593078613
423.9918518066406,415.77372550964355,446.8699645996094,349.4040870666504,438.83758544921875,284.75403785705566,413.3591079711914,229.55801010131836,403.4520721435547,185.74298858642578,379.22863006591797,270.32498359680176,337.36095428466797,198.22623252868652,310.5198097229004,161.94786071777344,289.5334243774414,137.61231422424316,344.07848358154297,296.20107650756836,285.1178550720215,234.23762798309326,254.32001113891602,208.60608100891113,236.3243293762207,196.18812561035156,320.3407669067383,328.141393661499,263.42382431030273,279.3973731994629,241.47918701171875,252.84235954284668,231.1147117614746,238.56360912322998,307.6883316040039,358.218412399292,265.19134521484375,318.248291015625,257.98473358154297,301.05780601501465,261.0756492614746,292.38816261291504
427.4240493774414,412.7604389190674,449.08321380615234,345.52013397216797,439.7573471069336,281.77785873413086,413.934326171875,225.9104347229004,408.0021286010742,181.45538806915283,381.3376998901367,267.7723503112793,340.10643005371094,197.47047901153564,312.66456604003906,162.60619640350342,291.20506286621094,140.41015148162842,347.0616149902344,293.84416580200195,286.5719985961914,229.68618392944336,253.6962890625,203.4015655517578,233.62308502197266,189.5207691192627,322.9364776611328,326.06706619262695,260.5604934692383,274.37204360961914,231.52149200439453,247.4348545074463,215.4985809326172,230.8623504638672,309.16072845458984,359.0749168395996,256.14681243896484,319.5084857940674,238.1256103515625,298.80228996276855,231.85272216796875,281.2733745574951
427.6617431640625,413.5023307800293,450.85044860839844,345.4412841796875,441.6707992553711,281.244478225708,415.45215606689453,223.63429069519043,410.86299896240234,177.80495166778564,381.9075393676758,267.6171112060547,341.5946960449219,196.32216453552246,314.6707534790039,163.23914051055908,295.446834564209,143.3864450454712,348.0990219116211,292.95830726623535,286.0133361816406,226.9973659515381,252.62710571289062,198.7057113647461,232.94353485107422,184.08699989318848,324.09515380859375,324.4984245300293,260.152645111084,270.2702522277832,229.12189483642578,240.5954933166504,210.1336669921875,221.76931858062744,310.1104736328125,358.2197570800781,255.6103515625,318.4554862976074,233.05835723876953,295.92899322509766,220.48921585083008,276.3697814941406
432.06653594970703,412.44343757629395,451.6429138183594,343.9812183380127,442.26436614990234,278.44722747802734,416.4815139770508,221.49916648864746,410.98217010498047,177.06610679626465,385.4054641723633,264.95819091796875,346.0798645019531,200.04714488983154,320.36861419677734,168.90150547027588,301.39856338500977,149.12824630737305,351.7332458496094,288.3452796936035,293.86085510253906,223.66106986999512,258.72676849365234,191.63311958312988,234.3874740600586,172.79441356658936,327.1627426147461,319.7571086883545,263.24230194091797,266.10191345214844,227.74185180664062,234.92886543273926,203.2996940612793,213.275728225708,311.1604881286621,355.4143524169922,255.2092170715332,317.5041389465332,227.79956817626953,295.4099178314209,208.16242218017578,274.34165954589844
431.7952346801758,413.7756156921387,452.5994110107422,345.4673194885254,442.7103042602539,278.78992080688477,417.5752639770508,221.06689453125,414.1122055053711,176.18167877197266,385.74127197265625,264.84681129455566,346.1635208129883,200.65343856811523,320.4608917236328,169.8940372467041,301.2141418457031,150.54608345031738,352.5212860107422,287.82551765441895,295.9469985961914,222.31789112091064,260.68702697753906,189.43878650665283,236.04446411132812,170.5671501159668,328.10791015625,319.15629386901855,264.78296279907227,264.4691848754883,229.07630920410156,232.6779842376709,204.3019676208496,210.97965717315674,311.557559967041,354.69489097595215,255.6098175048828,316.6835117340088,227.63107299804688,294.314546585083,207.22999572753906,272.8490924835205
433.7080383300781,415.26145935058594,452.82901763916016,346.54666900634766,442.0915985107422,279.298038482666,418.77079010009766,220.74341297149658,414.5732116699219,175.97315311431885,389.3128204345703,266.1746120452881,347.1848678588867,203.69519233703613,321.32850646972656,174.3607521057129,302.42401123046875,155.7537031173706,355.95848083496094,288.7905693054199,300.4216003417969,222.52009391784668,264.88330841064453,188.594970703125,239.80796813964844,168.46409797668457,330.74180603027344,319.7747325897217,268.04012298583984,263.928165435791,231.46039962768555,231.83671474456787,206.1465072631836,209.99756813049316,313.2892608642578,355.0714302062988,258.3364486694336,317.04297065734863,229.10001754760742,294.75500106811523,207.17947006225586,273.51616859436035
433.0339050292969,415.73461532592773,454.38316345214844,347.3117923736572,444.86915588378906,281.41462326049805,419.0826416015625,225.54868698120117,407.84069061279297,183.3061695098877,392.8760528564453,267.30411529541016,354.74613189697266,195.87367057800293,328.73790740966797,158.77470016479492,307.51678466796875,134.26480293273926,358.04115295410156,291.489315032959,300.25238037109375,222.70886421203613,265.26479721069336,188.04104804992676,240.71420669555664,167.48276710510254,331.6940689086914,322.1038055419922,267.58533477783203,267.08910942077637,233.74971389770508,235.36396980285645,210.76778411865234,213.5813856124878,315.0074005126953,355.6307888031006,258.99375915527344,316.47271156311035,232.04509735107422,294.04918670654297,213.63555908203125,272.9253673553467
433.6665344238281,414.93215560913086,455.68309783935547,347.5881099700928,447.0857238769531,282.520751953125,421.5291976928711,227.47913360595703,407.7634048461914,186.15201473236084,394.51194763183594,266.03053092956543,357.23846435546875,193.31974983215332,331.6574478149414,154.8920202255249,310.49238204956055,129.24782752990723,359.3702697753906,290.4302501678467,301.6867256164551,223.94468307495117,266.39551162719727,190.97798824310303,241.43295288085938,171.58714771270752,333.1751251220703,321.0695457458496,270.5165481567383,267.69158363342285,237.81475067138672,238.80021572113037,216.10336303710938,220.09600639343262,317.1128273010254,353.55812072753906,265.67928314208984,314.848108291626,241.32953643798828,294.12946701049805,225.29762268066406,275.9032344818115
437.21168518066406,412.6326370239258,459.8600387573242,346.28156661987305,450.6829833984375,281.33213996887207,424.7451400756836,227.81214237213135,406.14818572998047,189.2445945739746,403.1508255004883,263.5166645050049,364.21817779541016,189.50387477874756,337.5775146484375,150.64408779144287,315.9571838378906,125.3900671005249,368.4897994995117,289.08459663391113,309.92671966552734,223.57149124145508,277.0303153991699,194.88876342773438,256.36962890625,181.90024852752686,341.4113235473633,320.0065612792969,279.3538475036621,263.1463050842285,252.67120361328125,236.72304153442383,238.9723014831543,223.41845512390137,324.0894317626953,351.75281524658203,274.73535537719727,310.42064666748047,259.5741081237793,291.8814468383789,255.86708068847656,279.59012031555176
436.8250274658203,412.4363136291504,458.7359619140625,345.53192138671875,449.5713424682617,279.4790840148926,426.15257263183594,227.8294801712036,406.49181365966797,193.14372539520264,408.3462905883789,262.45957374572754,368.028564453125,190.2206039428711,339.8414993286133,152.8561305999756,318.28975677490234,129.45927143096924,373.25164794921875,286.3575267791748,314.75378036499023,221.64489269256592,284.22964096069336,201.0642385482788,268.76556396484375,198.73449325561523,345.19187927246094,316.64231300354004,285.7572555541992,260.60434341430664,263.3795738220215,239.0394687652588,255.45806884765625,232.9002857208252,326.4816665649414,347.4917221069336,281.2171173095703,305.3620433807373,267.6921081542969,289.5478820800781,265.74684143066406,282.4844455718994
436.8253707885742,413.0435371398926,452.46734619140625,347.42926597595215,434.2486572265625,288.4373188018799,406.9642639160156,252.09096908569336,380.533447265625,231.91228866577148,426.0985565185547,255.53260803222656,386.3883972167969,188.52785110473633,351.54937744140625,161.97063446044922,324.61456298828125,151.44548892974854,401.5342712402344,275.1474094390869,339.9848175048828,207.47577667236328,300.6139373779297,198.92409324645996,280.7449722290039,208.74329566955566,374.7034454345703,302.8851127624512,313.4664535522461,239.5104217529297,282.30613708496094,234.89150047302246,270.7986831665039,244.81444358825684,349.47986602783203,335.4753112792969,299.57937240600586,283.0304145812988,280.861759185791,273.4500789642334,277.01183319091797,277.24276542663574
439.69749450683594,411.17517471313477,451.4518356323242,347.713565826416,437.5769805908203,290.84532737731934,414.3846130371094,254.7110939025879,388.4751510620117,237.14930534362793,433.07437896728516,255.92096328735352,393.9915084838867,185.86864471435547,354.4487762451172,167.39989757537842,326.4885711669922,165.8693790435791,415.9669494628906,269.1185188293457,352.39086151123047,202.262864112854,308.6697006225586,203.24541091918945,291.47796630859375,218.87489318847656,392.1307373046875,293.4018802642822,331.4772033691406,227.27020740509033,296.9696807861328,230.33944129943848,286.8496322631836,245.19882202148438,365.54378509521484,323.8468265533447,315.0247383117676,271.9266128540039,290.4770088195801,267.55393981933594,282.8269386291504,276.961727142334
438.6735534667969,418.75545501708984,441.5890884399414,355.9157180786133,431.2353515625,306.0150718688965,409.8876953125,273.125524520874,384.8381042480469,253.97269248962402,445.22815704345703,263.49812507629395,398.14281463623047,202.99455642700195,357.1170425415039,203.1604528427124,334.89479064941406,217.49553680419922,436.73412322998047,267.33633041381836,385.5318832397461,200.65984725952148,341.4470672607422,203.98754596710205,320.02635955810547,223.36565494537354,420.69644927978516,281.8736171722412,375.2374267578125,220.6838321685791,333.9324951171875,228.40786457061768,314.41184997558594,248.73021125793457,398.3412170410156,302.66478538513184,366.12586975097656,256.5696144104004,337.5859069824219,255.46789169311523,319.99162673950195,267.07743644714355
437.09239959716797,439.3900394439697,390.0691604614258,388.1970405578613,374.0113830566406,332.66212463378906,356.51058197021484,296.07519149780273,334.1171646118164,268.2323741912842,428.7491226196289,283.1351852416992,403.0430603027344,225.95033168792725,362.69847869873047,236.74201011657715,348.1452178955078,264.9888038635254,438.52535247802734,282.33203887939453,407.4909210205078,216.8899154663086,359.2218017578125,233.4309196472168,345.81180572509766,264.3516540527344,442.2623825073242,288.17713737487793,416.09657287597656,223.1272315979004,368.5504913330078,235.42076110839844,354.46468353271484,264.11890983581543,437.44544982910156,298.4410858154297,415.7027816772461,249.4497585296631,380.5628204345703,248.89763832092285,366.47727966308594,267.2315311431885
411.77440643310547,443.97193908691406,383.16585540771484,418.14136505126953,370.0271224975586,363.0877876281738,361.62078857421875,322.6981258392334,352.76065826416016,287.7161693572998,399.2028045654297,327.14853286743164,381.4628219604492,292.7571773529053,357.80792236328125,315.7265853881836,351.7337417602539,349.5146942138672,415.88462829589844,323.89065742492676,393.23543548583984,285.60118675231934,363.7621307373047,311.16016387939453,355.2355194091797,344.8693656921387,431.40960693359375,326.7065906524658,417.0216369628906,278.8014793395996,384.78084564208984,293.8726615905762,371.97288513183594,320.4060173034668,445.28770446777344,335.7378673553467,442.37178802490234,291.03515625,418.52794647216797,278.713960647583,402.17960357666016,280.4344940185547
436.3639831542969,474.56820487976074,393.06285858154297,429.67002868652344,370.9204864501953,369.9829387664795,356.99649810791016,327.2563934326172,347.07691192626953,287.9831027984619,399.0657043457031,325.6482696533203,388.99749755859375,269.59218978881836,361.5908432006836,303.63922119140625,357.6583480834961,340.8684825897217,413.6918258666992,323.7686347961426,400.7954788208008,260.29189109802246,369.76917266845703,300.3870677947998,367.8533172607422,339.1666316986084,430.16571044921875,325.748348236084,418.3971405029297,262.9362487792969,387.23865509033203,295.286865234375,383.3982467651367,331.8979740142822,447.62298583984375,330.99294662475586,442.02632904052734,277.69057273864746,415.94837188720703,286.06578826904297,406.0341262817383,309.2058277130127
436.28265380859375,490.656795501709,386.9239807128906,436.31927490234375,368.96129608154297,382.01903343200684,361.8146514892578,341.4835739135742,351.39892578125,307.6944923400879,416.90555572509766,329.89402770996094,412.0752716064453,277.14354515075684,397.24151611328125,248.2335090637207,387.8874206542969,227.57236003875732,434.8298645019531,334.36838150024414,396.1866760253906,296.82703971862793,359.4044494628906,325.7633399963379,347.7992630004883,358.7489318847656,442.0559310913086,346.38625144958496,397.15396881103516,312.3115539550781,362.50308990478516,344.6630001068115,356.87530517578125,377.2551155090332,440.4947280883789,364.7794818878174,394.05452728271484,337.82252311706543,365.4829406738281,359.2781352996826,362.1742248535156,385.02270698547363
433.7779235839844,470.99181175231934,409.7486114501953,446.70948028564453,374.3354034423828,433.2464790344238,342.7916717529297,440.03846168518066,320.2153015136719,452.76763916015625,353.38401794433594,405.1088047027588,312.95053482055664,431.2203311920166,294.40860748291016,457.6051139831543,283.39874267578125,478.34489822387695,347.8986358642578,422.0997619628906,312.19337463378906,448.61987113952637,297.2513008117676,471.84024810791016,287.4800109863281,490.0476837158203,344.8191833496094,439.90230560302734,314.801082611084,465.7138252258301,301.9495964050293,484.77624893188477,293.81622314453125,500.63764572143555,344.17064666748047,457.7956008911133,320.81146240234375,476.140193939209,310.24742126464844,489.83642578125,302.43228912353516,501.48937225341797
